path_type,point_index,x,y,theta,curvature,obstacle_distance,path_length,segment_length,steering_angle
original,0,47.097572,43.994781,-1.553971,0.000000,5.000000,0.000000,0.000000,0.000000
original,1,47.100937,43.794810,-1.553971,0.000000,5.000000,0.200000,0.200000,0.000000
original,2,47.104302,43.594838,-1.553971,0.000000,5.000000,0.400000,0.200000,0.000000
original,3,47.107667,43.394866,-1.553971,0.000000,5.000000,0.600000,0.200000,0.000000
original,4,47.111032,43.194895,-1.553971,0.000000,5.000000,0.800000,0.200000,0.000000
original,5,47.114397,42.994923,-1.553971,0.000000,5.000000,1.000000,0.200000,0.000000
original,6,47.117762,42.794951,-1.553971,0.000000,5.000000,1.200000,0.200000,0.000000
original,7,47.121126,42.594980,-1.553971,0.000000,5.000000,1.400000,0.200000,0.000000
original,8,47.124491,42.395008,-1.553971,0.000000,5.000000,1.600000,0.200000,0.000000
original,9,47.127856,42.195036,-1.553971,0.000000,5.000000,1.800000,0.200000,0.000000
original,10,47.131221,41.995065,-1.553971,0.000000,5.000000,2.000000,0.200000,0.000000
original,11,47.134586,41.795093,-1.553971,0.000000,5.000000,2.200000,0.200000,0.000000
original,12,47.137951,41.595121,-1.553971,0.000000,5.000000,2.400000,0.200000,0.000000
original,13,47.141316,41.395149,-1.553971,0.000000,5.000000,2.600000,0.200000,0.000000
original,14,47.144681,41.195178,-1.553971,0.000000,5.000000,2.800000,0.200000,0.000000
original,15,47.148045,40.995206,-1.553971,0.000000,5.000000,3.000000,0.200000,0.000000
original,16,47.151410,40.795234,-1.553971,0.000000,5.000000,3.200000,0.200000,0.000000
original,17,47.154775,40.595263,-1.553971,0.000000,5.000000,3.400000,0.200000,0.000000
original,18,47.158140,40.395291,-1.553971,0.000000,5.000000,3.600000,0.200000,0.000000
original,19,47.161505,40.195319,-1.553971,0.000000,5.000000,3.800000,0.200000,0.000000
original,20,47.164870,39.995348,-1.553971,0.000000,5.000000,4.000000,0.200000,0.000000
original,21,47.168235,39.795376,-1.553971,0.000000,5.000000,4.200000,0.200000,0.000000
original,22,47.171600,39.595404,-1.553971,0.000000,5.000000,4.400000,0.200000,0.000000
original,23,47.174964,39.395433,-1.553971,0.000000,5.000000,4.600000,0.200000,0.000000
original,24,47.178329,39.195461,-1.553971,0.000000,5.000000,4.800000,0.200000,0.000000
original,25,47.181694,38.995489,-1.553971,0.000000,5.000000,5.000000,0.200000,0.000000
original,26,47.185059,38.795518,-1.553971,0.000000,5.000000,5.200000,0.200000,0.000000
original,27,47.188424,38.595546,-1.553971,0.000000,5.000000,5.400000,0.200000,0.000000
original,28,47.191789,38.395574,-1.553971,0.000000,5.000000,5.600000,0.200000,0.000000
original,29,47.195154,38.195602,-1.553971,0.000000,5.000000,5.800000,0.200000,0.000000
original,30,47.198518,37.995631,-1.553971,0.000000,5.000000,6.000000,0.200000,0.000000
original,31,47.201883,37.795659,-1.553971,0.000000,5.000000,6.200000,0.200000,0.000000
original,32,47.205248,37.595687,-1.553971,0.000000,5.000000,6.400000,0.200000,0.000000
original,33,47.208613,37.395716,-1.580766,0.133971,5.000000,6.600000,0.200000,-0.026795
original,34,47.206619,37.195726,-1.607561,0.133971,5.000000,6.800000,0.200000,-0.026795
original,35,47.199268,36.995861,-1.634356,0.133971,5.000000,7.000000,0.200000,-0.026795
original,36,47.186565,36.796265,-1.661151,0.133971,5.000000,7.200000,0.200000,-0.026795
original,37,47.168518,36.597080,-1.687946,0.133971,5.000000,7.400000,0.200000,-0.026795
original,38,47.145142,36.398451,-1.714741,0.133971,5.000000,7.600000,0.200000,-0.026795
original,39,47.116452,36.200520,-1.741536,0.133971,5.000000,7.800000,0.200000,-0.026795
original,40,47.082470,36.003428,-1.768331,0.133971,5.000000,8.000000,0.200000,-0.026795
original,41,47.043220,35.807317,-1.795125,0.133971,5.000000,8.200000,0.200000,-0.026795
original,42,46.998729,35.612328,-1.821920,0.133971,4.000000,8.400000,0.200000,-0.026795
original,43,46.949031,35.418602,-1.848715,0.133971,4.000000,8.600000,0.200000,-0.026795
original,44,46.894160,35.226276,-1.875510,0.133971,4.000000,8.800000,0.200000,-0.026795
original,45,46.834156,35.035489,-1.902305,0.133971,4.000000,9.000000,0.200000,-0.026795
original,46,46.769062,34.846379,-1.929100,0.133971,4.123106,9.200000,0.200000,-0.026795
original,47,46.698924,34.659080,-1.955895,0.133971,4.123106,9.400000,0.200000,-0.026795
original,48,46.623794,34.473728,-1.982690,0.133971,4.123106,9.600000,0.200000,-0.026795
original,49,46.543725,34.290455,-2.009485,0.133971,4.123106,9.800000,0.200000,-0.026795
original,50,46.458775,34.109393,-2.036280,0.133971,4.123106,10.000000,0.200000,-0.026795
original,51,46.369004,33.930672,-2.063075,0.133971,4.472136,10.200000,0.200000,-0.026795
original,52,46.274477,33.754421,-2.089870,0.133971,4.472136,10.400000,0.200000,-0.026795
original,53,46.175262,33.580765,-2.116664,0.133971,4.472136,10.600000,0.200000,-0.026795
original,54,46.071430,33.409829,-2.143459,0.133971,4.472136,10.800000,0.200000,-0.026795
original,55,45.963055,33.241737,-2.170254,0.133971,3.605551,11.000000,0.200000,-0.026795
original,56,45.850216,33.076609,-2.197049,0.133971,3.605551,11.200000,0.200000,-0.026795
original,57,45.732994,32.914563,-2.223844,0.133971,4.123106,11.400000,0.200000,-0.026795
original,58,45.611472,32.755716,-2.250639,0.133971,4.123106,11.600000,0.200000,-0.026795
original,59,45.485737,32.600182,-2.277434,0.133971,4.123106,11.800000,0.200000,-0.026795
original,60,45.355881,32.448072,-2.304229,0.133971,4.123106,12.000000,0.200000,-0.026795
original,61,45.221997,32.299496,-2.331024,0.133971,4.123106,12.200000,0.200000,-0.026795
original,62,45.084179,32.154560,-2.357819,0.133971,4.123106,12.400000,0.200000,-0.026795
original,63,44.942529,32.013368,-2.384614,0.133971,3.162278,12.600000,0.200000,-0.026795
original,64,44.797146,31.876023,-2.411409,0.133971,3.000000,12.800000,0.200000,-0.026795
original,65,44.648135,31.742621,-2.411409,0.000000,3.000000,13.000000,0.200000,0.000000
original,66,44.499125,31.609220,-2.411409,0.000000,3.000000,13.200000,0.200000,0.000000
original,67,44.350115,31.475818,-2.411409,0.000000,3.000000,13.400000,0.200000,0.000000
original,68,44.201104,31.342417,-2.411409,0.000000,3.000000,13.600000,0.200000,0.000000
original,69,44.052094,31.209016,-2.411409,0.000000,3.000000,13.800000,0.200000,0.000000
original,70,43.903084,31.075614,-2.411409,0.000000,2.000000,14.000000,0.200000,0.000000
original,71,43.754073,30.942213,-2.411409,0.000000,2.236068,14.200000,0.200000,0.000000
original,72,43.605063,30.808812,-2.411409,0.000000,2.236068,14.400000,0.200000,0.000000
original,73,43.456053,30.675410,-2.411409,0.000000,2.236068,14.600000,0.200000,0.000000
original,74,43.307042,30.542009,-2.411409,0.000000,2.236068,14.800000,0.200000,0.000000
original,75,43.158032,30.408608,-2.411409,0.000000,2.236068,15.000000,0.200000,0.000000
original,76,43.009022,30.275206,-2.411409,0.000000,2.236068,15.200000,0.200000,0.000000
original,77,42.860011,30.141805,-2.411409,0.000000,1.414214,15.400000,0.200000,0.000000
original,78,42.711001,30.008404,-2.411409,0.000000,1.414214,15.600000,0.200000,0.000000
original,79,42.561991,29.875002,-2.411409,0.000000,2.236068,15.800000,0.200000,0.000000
original,80,42.412981,29.741601,-2.411409,0.000000,2.236068,16.000000,0.200000,0.000000
original,81,42.263970,29.608199,-2.411409,0.000000,2.236068,16.200000,0.200000,0.000000
original,82,42.114960,29.474798,-2.411409,0.000000,2.236068,16.400000,0.200000,0.000000
original,83,41.965950,29.341397,-2.411409,0.000000,2.000000,16.600000,0.200000,0.000000
original,84,41.816939,29.207995,-2.411409,0.000000,2.000000,16.800000,0.200000,0.000000
original,85,41.667929,29.074594,-2.411409,0.000000,2.000000,17.000000,0.200000,0.000000
original,86,41.518919,28.941193,-2.411409,0.000000,3.000000,17.200000,0.200000,0.000000
original,87,41.369908,28.807791,-2.411409,0.000000,3.000000,17.400000,0.200000,0.000000
original,88,41.220898,28.674390,-2.411409,0.000000,3.000000,17.600000,0.200000,0.000000
original,89,41.071888,28.540989,-2.411409,0.000000,3.000000,17.800000,0.200000,0.000000
original,90,40.922877,28.407587,-2.411409,0.000000,3.000000,18.000000,0.200000,0.000000
original,91,40.773867,28.274186,-2.411409,0.000000,3.000000,18.200000,0.200000,0.000000
original,92,40.624857,28.140785,-2.411409,0.000000,3.000000,18.400000,0.200000,0.000000
original,93,40.475846,28.007383,-2.411409,0.000000,3.000000,18.600000,0.200000,0.000000
original,94,40.326836,27.873982,-2.411409,0.000000,4.000000,18.800000,0.200000,0.000000
original,95,40.177826,27.740580,-2.411409,0.000000,4.000000,19.000000,0.200000,0.000000
original,96,40.028815,27.607179,-2.411409,0.000000,4.000000,19.200000,0.200000,0.000000
original,97,39.879805,27.473778,-2.411409,0.000000,4.000000,19.400000,0.200000,0.000000
original,98,39.730795,27.340376,-2.411409,0.000000,4.000000,19.600000,0.200000,0.000000
original,99,39.581784,27.206975,-2.411409,0.000000,4.000000,19.800000,0.200000,0.000000
original,100,39.432774,27.073574,-2.411409,0.000000,4.000000,20.000000,0.200000,0.000000
original,101,39.283764,26.940172,-2.411409,0.000000,5.000000,20.200000,0.200000,0.000000
original,102,39.134753,26.806771,-2.411409,0.000000,5.000000,20.400000,0.200000,0.000000
original,103,38.985743,26.673370,-2.411409,0.000000,5.000000,20.600000,0.200000,0.000000
original,104,38.836733,26.539968,-2.411409,0.000000,5.000000,20.800000,0.200000,0.000000
original,105,38.687722,26.406567,-2.411409,0.000000,5.000000,21.000000,0.200000,0.000000
original,106,38.538712,26.273166,-2.411409,0.000000,5.000000,21.200000,0.200000,0.000000
original,107,38.389702,26.139764,-2.411409,0.000000,5.000000,21.400000,0.200000,0.000000
original,108,38.240691,26.006363,-2.411409,0.000000,5.000000,21.600000,0.200000,0.000000
original,109,38.091681,25.872961,-2.411409,0.000000,5.385165,21.800000,0.200000,0.000000
original,110,37.942671,25.739560,-2.411409,0.000000,4.472136,22.000000,0.200000,0.000000
original,111,37.793660,25.606159,-2.411409,0.000000,4.472136,22.200000,0.200000,0.000000
original,112,37.644650,25.472757,-2.411409,0.000000,4.472136,22.400000,0.200000,0.000000
original,113,37.495640,25.339356,-2.411409,0.000000,4.472136,22.600000,0.200000,0.000000
original,114,37.346629,25.205955,-2.411409,0.000000,4.472136,22.800000,0.200000,0.000000
original,115,37.197619,25.072553,-2.411409,0.000000,4.472136,23.000000,0.200000,0.000000
original,116,37.048609,24.939152,-2.411409,0.000000,5.000000,23.200000,0.200000,0.000000
original,117,36.899598,24.805751,-2.411409,0.000000,4.000000,23.400000,0.200000,0.000000
original,118,36.750588,24.672349,-2.411409,0.000000,4.000000,23.600000,0.200000,0.000000
original,119,36.601578,24.538948,-2.411409,0.000000,4.000000,23.800000,0.200000,0.000000
original,120,36.452567,24.405547,-2.411409,0.000000,4.000000,24.000000,0.200000,0.000000
original,121,36.303557,24.272145,-2.438204,0.133971,4.000000,24.200000,0.200000,-0.026795
original,122,36.151026,24.142784,-2.464998,0.133971,4.000000,24.400000,0.200000,-0.026795
original,123,35.995084,24.017556,-2.491793,0.133971,3.000000,24.600000,0.200000,-0.026795
original,124,35.835843,23.896550,-2.518588,0.133971,3.162278,24.800000,0.200000,-0.026795
original,125,35.673417,23.779855,-2.545383,0.133971,3.162278,25.000000,0.200000,-0.026795
original,126,35.507923,23.667553,-2.572178,0.133971,3.162278,25.200000,0.200000,-0.026795
original,127,35.339480,23.559725,-2.598973,0.133971,3.162278,25.400000,0.200000,-0.026795
original,128,35.168208,23.456449,-2.625768,0.133971,3.162278,25.600000,0.200000,-0.026795
original,129,34.994231,23.357798,-2.652563,0.133971,2.236068,25.800000,0.200000,-0.026795
original,130,34.817673,23.263844,-2.679358,0.133971,2.236068,26.000000,0.200000,-0.026795
original,131,34.638662,23.174654,-2.706153,0.133971,2.236068,26.200000,0.200000,-0.026795
original,132,34.457325,23.090293,-2.732948,0.133971,2.236068,26.400000,0.200000,-0.026795
original,133,34.273793,23.010819,-2.759743,0.133971,2.236068,26.600000,0.200000,-0.026795
original,134,34.088197,22.936292,-2.786537,0.133971,2.828427,26.800000,0.200000,-0.026795
original,135,33.900672,22.866763,-2.813332,0.133971,2.236068,27.000000,0.200000,-0.026795
original,136,33.711351,22.802284,-2.840127,0.133971,2.236068,27.200000,0.200000,-0.026795
original,137,33.520370,22.742900,-2.866922,0.133971,2.236068,27.400000,0.200000,-0.026795
original,138,33.327867,22.688654,-2.893717,0.133971,2.236068,27.600000,0.200000,-0.026795
original,139,33.133980,22.639585,-2.920512,0.133971,2.236068,27.800000,0.200000,-0.026795
original,140,32.938848,22.595728,-2.947307,0.133971,2.000000,28.000000,0.200000,-0.026795
original,141,32.742611,22.557115,-2.974102,0.133971,2.000000,28.200000,0.200000,-0.026795
original,142,32.545410,22.523773,-3.000897,0.133971,2.000000,28.400000,0.200000,-0.026795
original,143,32.347386,22.495727,-3.027692,0.133971,2.000000,28.600000,0.200000,-0.026795
original,144,32.148682,22.472996,-3.054487,0.133971,2.000000,28.800000,0.200000,-0.026795
original,145,31.949440,22.455597,-3.027692,0.133971,2.000000,29.000000,0.200000,0.026795
original,146,31.750736,22.432866,-3.000897,0.133971,2.000000,29.200000,0.200000,0.026795
original,147,31.552712,22.404819,-2.974102,0.133971,2.000000,29.400000,0.200000,0.026795
original,148,31.355511,22.371478,-2.947307,0.133971,2.000000,29.600000,0.200000,0.026795
original,149,31.159274,22.332865,-2.920512,0.133971,2.000000,29.800000,0.200000,0.026795
original,150,30.964142,22.289008,-2.893717,0.133971,2.000000,30.000000,0.200000,0.026795
original,151,30.770255,22.239939,-2.866922,0.133971,2.000000,30.200000,0.200000,0.026795
original,152,30.577752,22.185693,-2.840127,0.133971,2.000000,30.400000,0.200000,0.026795
original,153,30.386771,22.126309,-2.866922,0.133971,2.000000,30.600000,0.200000,-0.026795
original,154,30.194268,22.072063,-2.893717,0.133971,2.000000,30.800000,0.200000,-0.026795
original,155,30.000381,22.022994,-2.920512,0.133971,2.000000,31.000000,0.200000,-0.026795
original,156,29.805249,21.979137,-2.947307,0.133971,2.236068,31.200000,0.200000,-0.026795
original,157,29.609012,21.940524,-2.974102,0.133971,2.236068,31.400000,0.200000,-0.026795
original,158,29.411810,21.907182,-3.000897,0.133971,2.236068,31.600000,0.200000,-0.026795
original,159,29.213787,21.879136,-3.027692,0.133971,2.236068,31.800000,0.200000,-0.026795
original,160,29.015083,21.856405,-3.054487,0.133971,2.236068,32.000000,0.200000,-0.026795
original,161,28.815841,21.839006,-3.081282,0.133971,2.000000,32.200000,0.200000,-0.026795
original,162,28.616205,21.826951,-3.108076,0.133971,2.000000,32.400000,0.200000,-0.026795
original,163,28.416317,21.820249,-3.134871,0.133971,2.000000,32.600000,0.200000,-0.026795
original,164,28.216321,21.818905,3.121519,0.133971,2.000000,32.800000,0.200000,-0.026795
original,165,28.016362,21.822919,3.094724,0.133971,2.000000,33.000000,0.200000,-0.026795
original,166,27.816581,21.832289,3.067929,0.133971,2.000000,33.200000,0.200000,-0.026795
original,167,27.617124,21.847009,3.041134,0.133971,2.000000,33.400000,0.200000,-0.026795
original,168,27.418132,21.867067,3.014339,0.133971,2.000000,33.600000,0.200000,-0.026795
original,169,27.219749,21.892449,2.987544,0.133971,2.000000,33.800000,0.200000,-0.026795
original,170,27.022118,21.923137,2.960749,0.133971,2.000000,34.000000,0.200000,-0.026795
original,171,26.825379,21.959108,2.933955,0.133971,2.000000,34.200000,0.200000,-0.026795
original,172,26.629675,22.000338,2.907160,0.133971,2.828427,34.400000,0.200000,-0.026795
original,173,26.435146,22.046797,2.880365,0.133971,2.828427,34.600000,0.200000,-0.026795
original,174,26.241931,22.098450,2.853570,0.133971,2.828427,34.800000,0.200000,-0.026795
original,175,26.050170,22.155261,2.826775,0.133971,2.828427,35.000000,0.200000,-0.026795
original,176,25.859999,22.217190,2.799980,0.133971,3.000000,35.200000,0.200000,-0.026795
original,177,25.671556,22.284191,2.773185,0.133971,3.000000,35.400000,0.200000,-0.026795
original,178,25.484975,22.356217,2.746390,0.133971,3.000000,35.600000,0.200000,-0.026795
original,179,25.300392,22.433217,2.719595,0.133971,3.000000,35.800000,0.200000,-0.026795
original,180,25.117937,22.515133,2.692800,0.133971,3.000000,36.000000,0.200000,-0.026795
original,181,24.937743,22.601909,2.666005,0.133971,3.000000,36.200000,0.200000,-0.026795
original,182,24.759938,22.693481,2.639210,0.133971,3.000000,36.400000,0.200000,-0.026795
original,183,24.584651,22.789784,2.612416,0.133971,3.000000,36.600000,0.200000,-0.026795
original,184,24.412006,22.890748,2.585621,0.133971,3.000000,36.800000,0.200000,-0.026795
original,185,24.242128,22.996302,2.558826,0.133971,3.000000,37.000000,0.200000,-0.026795
original,186,24.075140,23.106370,2.532031,0.133971,4.000000,37.200000,0.200000,-0.026795
original,187,23.911160,23.220871,2.505236,0.133971,4.000000,37.400000,0.200000,-0.026795
original,188,23.750307,23.339725,2.478441,0.133971,4.000000,37.600000,0.200000,-0.026795
original,189,23.592696,23.462846,2.451646,0.133971,4.000000,37.800000,0.200000,-0.026795
original,190,23.438440,23.590145,2.424851,0.133971,4.000000,38.000000,0.200000,-0.026795
original,191,23.287650,23.721531,2.398056,0.133971,4.000000,38.200000,0.200000,-0.026795
original,192,23.140434,23.856910,2.371261,0.133971,4.000000,38.400000,0.200000,-0.026795
original,193,22.996898,23.996185,2.371261,0.000000,4.000000,38.600000,0.200000,0.000000
original,194,22.853362,24.135460,2.371261,0.000000,5.000000,38.800000,0.200000,0.000000
original,195,22.709826,24.274734,2.371261,0.000000,5.000000,39.000000,0.200000,0.000000
original,196,22.566290,24.414009,2.371261,0.000000,5.000000,39.200000,0.200000,0.000000
original,197,22.422754,24.553284,2.371261,0.000000,5.000000,39.400000,0.200000,0.000000
original,198,22.279218,24.692558,2.371261,0.000000,5.000000,39.600000,0.200000,0.000000
original,199,22.135682,24.831833,2.371261,0.000000,5.000000,39.800000,0.200000,0.000000
original,200,21.992146,24.971107,2.371261,0.000000,5.000000,40.000000,0.200000,0.000000
original,201,21.848610,25.110382,2.371261,0.000000,4.000000,40.200000,0.200000,0.000000
original,202,21.705074,25.249657,2.371261,0.000000,4.000000,40.400000,0.200000,0.000000
original,203,21.561538,25.388931,2.371261,0.000000,4.000000,40.600000,0.200000,0.000000
original,204,21.418002,25.528206,2.371261,0.000000,4.000000,40.800000,0.200000,0.000000
original,205,21.274466,25.667481,2.371261,0.000000,4.000000,41.000000,0.200000,0.000000
original,206,21.130930,25.806755,2.371261,0.000000,4.000000,41.200000,0.200000,0.000000
original,207,20.987394,25.946030,2.371261,0.000000,4.000000,41.400000,0.200000,0.000000
original,208,20.843858,26.085304,2.371261,0.000000,3.000000,41.600000,0.200000,0.000000
original,209,20.700322,26.224579,2.344466,0.133971,3.000000,41.800000,0.200000,-0.026795
original,210,20.560569,26.367649,2.317671,0.133971,3.000000,42.000000,0.200000,-0.026795
original,211,20.424699,26.514412,2.290876,0.133971,3.000000,42.200000,0.200000,-0.026795
original,212,20.292810,26.664763,2.264082,0.133971,3.000000,42.400000,0.200000,-0.026795
original,213,20.164997,26.818593,2.237287,0.133971,3.000000,42.600000,0.200000,-0.026795
original,214,20.041350,26.975792,2.210492,0.133971,3.000000,42.800000,0.200000,-0.026795
original,215,19.921960,27.136248,2.183697,0.133971,2.236068,43.000000,0.200000,-0.026795
original,216,19.806912,27.299844,2.156902,0.133971,2.236068,43.200000,0.200000,-0.026795
original,217,19.696288,27.466465,2.156902,0.000000,2.236068,43.400000,0.200000,0.000000
original,218,19.585663,27.633085,2.156902,0.000000,2.236068,43.600000,0.200000,0.000000
original,219,19.475039,27.799705,2.156902,0.000000,2.236068,43.800000,0.200000,0.000000
original,220,19.364415,27.966325,2.156902,0.000000,2.236068,44.000000,0.200000,0.000000
original,221,19.253791,28.132945,2.156902,0.000000,1.414214,44.200000,0.200000,0.000000
original,222,19.143167,28.299566,2.156902,0.000000,1.414214,44.400000,0.200000,0.000000
original,223,19.032543,28.466186,2.156902,0.000000,1.414214,44.600000,0.200000,0.000000
original,224,18.921918,28.632806,2.156902,0.000000,2.000000,44.800000,0.200000,0.000000
original,225,18.811294,28.799426,2.130107,0.133971,2.000000,45.000000,0.200000,-0.026795
original,226,18.705174,28.968951,2.103312,0.133971,2.000000,45.200000,0.200000,-0.026795
original,227,18.603633,29.141257,2.076517,0.133971,2.000000,45.400000,0.200000,-0.026795
original,228,18.506746,29.316222,2.049722,0.133971,2.000000,45.600000,0.200000,-0.026795
original,229,18.414581,29.493720,2.022927,0.133971,2.000000,45.800000,0.200000,-0.026795
original,230,18.327204,29.673624,1.996132,0.133971,2.000000,46.000000,0.200000,-0.026795
original,231,18.244678,29.855804,1.969337,0.133971,2.000000,46.200000,0.200000,-0.026795
original,232,18.167064,30.040130,1.942543,0.133971,2.000000,46.400000,0.200000,-0.026795
original,233,18.094415,30.226468,1.915748,0.133971,2.000000,46.600000,0.200000,-0.026795
original,234,18.026785,30.414687,1.888953,0.133971,2.000000,46.800000,0.200000,-0.026795
original,235,17.964222,30.604650,1.862158,0.133971,2.236068,47.000000,0.200000,-0.026795
original,236,17.906770,30.796220,1.835363,0.133971,2.236068,47.200000,0.200000,-0.026795
original,237,17.854472,30.989261,1.808568,0.133971,2.236068,47.400000,0.200000,-0.026795
original,238,17.807365,31.183635,1.781773,0.133971,3.162278,47.600000,0.200000,-0.026795
original,239,17.765482,31.379200,1.754978,0.133971,3.162278,47.800000,0.200000,-0.026795
original,240,17.728853,31.575817,1.728183,0.133971,3.162278,48.000000,0.200000,-0.026795
original,241,17.697506,31.773345,1.701388,0.133971,3.162278,48.200000,0.200000,-0.026795
original,242,17.671461,31.971642,1.674593,0.133971,3.162278,48.400000,0.200000,-0.026795
original,243,17.650739,32.170566,1.647798,0.133971,3.605551,48.600000,0.200000,-0.026795
original,244,17.635354,32.369973,1.621004,0.133971,3.605551,48.800000,0.200000,-0.026795
original,245,17.625317,32.569721,1.594209,0.133971,3.605551,49.000000,0.200000,-0.026795
original,246,17.620635,32.769666,1.567414,0.133971,3.605551,49.200000,0.200000,-0.026795
original,247,17.621311,32.969665,1.540619,0.133971,3.605551,49.400000,0.200000,-0.026795
original,248,17.627346,33.169574,1.513824,0.133971,4.242641,49.600000,0.200000,-0.026795
original,249,17.638734,33.369250,1.487029,0.133971,4.242641,49.800000,0.200000,-0.026795
original,250,17.655468,33.568548,1.460234,0.133971,4.242641,50.000000,0.200000,-0.026795
original,251,17.677536,33.767327,1.433439,0.133971,4.242641,50.200000,0.200000,-0.026795
original,252,17.704921,33.965443,1.406644,0.133971,4.242641,50.400000,0.200000,-0.026795
original,253,17.737604,34.162755,1.379849,0.133971,4.123106,50.600000,0.200000,-0.026795
original,254,17.775562,34.359120,1.353054,0.133971,4.123106,50.800000,0.200000,-0.026795
original,255,17.818767,34.554397,1.326259,0.133971,4.123106,51.000000,0.200000,-0.026795
original,256,17.867188,34.748447,1.299464,0.133971,4.123106,51.200000,0.200000,-0.026795
original,257,17.920791,34.941130,1.326259,0.133971,4.123106,51.400000,0.200000,0.026795
original,258,17.969213,35.135180,1.353054,0.133971,3.162278,51.600000,0.200000,0.026795
original,259,18.012418,35.330458,1.379849,0.133971,3.605551,51.800000,0.200000,0.026795
original,260,18.050376,35.526823,1.406644,0.133971,3.605551,52.000000,0.200000,0.026795
original,261,18.083059,35.724134,1.433439,0.133971,3.605551,52.200000,0.200000,0.026795
original,262,18.110444,35.922250,1.460234,0.133971,3.605551,52.400000,0.200000,0.026795
original,263,18.132511,36.121029,1.487029,0.133971,2.828427,52.600000,0.200000,0.026795
original,264,18.149245,36.320328,1.513824,0.133971,2.828427,52.800000,0.200000,0.026795
original,265,18.160634,36.520004,1.513824,0.000000,2.828427,53.000000,0.200000,0.000000
original,266,18.172022,36.719679,1.513824,0.000000,2.828427,53.200000,0.200000,0.000000
original,267,18.183410,36.919355,1.513824,0.000000,2.828427,53.400000,0.200000,0.000000
original,268,18.194799,37.119030,1.513824,0.000000,2.236068,53.600000,0.200000,0.000000
original,269,18.206187,37.318706,1.513824,0.000000,2.236068,53.800000,0.200000,0.000000
original,270,18.217575,37.518381,1.513824,0.000000,2.236068,54.000000,0.200000,0.000000
original,271,18.228964,37.718057,1.513824,0.000000,2.236068,54.200000,0.200000,0.000000
original,272,18.240352,37.917732,1.513824,0.000000,2.236068,54.400000,0.200000,0.000000
original,273,18.251740,38.117408,1.513824,0.000000,2.000000,54.600000,0.200000,0.000000
original,274,18.263129,38.317083,1.513824,0.000000,2.000000,54.800000,0.200000,0.000000
original,275,18.274517,38.516759,1.513824,0.000000,2.000000,55.000000,0.200000,0.000000
original,276,18.285905,38.716434,1.513824,0.000000,2.000000,55.200000,0.200000,0.000000
original,277,18.297294,38.916110,1.513824,0.000000,2.000000,55.400000,0.200000,0.000000
original,278,18.308682,39.115785,1.513824,0.000000,2.000000,55.600000,0.200000,0.000000
original,279,18.320070,39.315461,1.513824,0.000000,2.000000,55.800000,0.200000,0.000000
original,280,18.331459,39.515136,1.513824,0.000000,2.000000,56.000000,0.200000,0.000000
original,281,18.342847,39.714812,1.487029,0.133971,2.000000,56.200000,0.200000,-0.026795
original,282,18.359581,39.914110,1.460234,0.133971,2.000000,56.400000,0.200000,-0.026795
original,283,18.381648,40.112889,1.433439,0.133971,2.000000,56.600000,0.200000,-0.026795
original,284,18.409033,40.311005,1.406644,0.133971,2.000000,56.800000,0.200000,-0.026795
original,285,18.441717,40.508317,1.379849,0.133971,2.000000,57.000000,0.200000,-0.026795
original,286,18.479674,40.704682,1.353054,0.133971,2.000000,57.200000,0.200000,-0.026795
original,287,18.522880,40.899959,1.326259,0.133971,2.000000,57.400000,0.200000,-0.026795
original,288,18.571301,41.094009,1.299464,0.133971,2.000000,57.600000,0.200000,-0.026795
original,289,18.624904,41.286692,1.272670,0.133971,2.000000,57.800000,0.200000,-0.026795
original,290,18.683650,41.477870,1.245875,0.133971,2.000000,58.000000,0.200000,-0.026795
original,291,18.747497,41.667405,1.219080,0.133971,2.000000,58.200000,0.200000,-0.026795
original,292,18.816399,41.855162,1.192285,0.133971,2.000000,58.400000,0.200000,-0.026795
original,293,18.890306,42.041005,1.165490,0.133971,2.000000,58.600000,0.200000,-0.026795
original,294,18.969166,42.224801,1.138695,0.133971,2.000000,58.800000,0.200000,-0.026795
original,295,19.052922,42.406419,1.111900,0.133971,2.000000,59.000000,0.200000,-0.026795
original,296,19.141514,42.585727,1.085105,0.133971,2.000000,59.200000,0.200000,-0.026795
original,297,19.234878,42.762597,1.058310,0.133971,2.000000,59.400000,0.200000,-0.026795
original,298,19.332947,42.936903,1.031515,0.133971,2.000000,59.600000,0.200000,-0.026795
original,299,19.435651,43.108519,1.004720,0.133971,2.236068,59.800000,0.200000,-0.026795
original,300,19.542916,43.277321,0.977925,0.133971,2.236068,60.000000,0.200000,-0.026795
original,301,19.654665,43.443189,0.951131,0.133971,2.236068,60.200000,0.200000,-0.026795
original,302,19.770817,43.606004,0.924336,0.133971,2.236068,60.400000,0.200000,-0.026795
original,303,19.891290,43.765648,0.897541,0.133971,2.236068,60.600000,0.200000,-0.026795
original,304,20.015997,43.922007,0.870746,0.133971,1.414214,60.800000,0.200000,-0.026795
original,305,20.144849,44.074969,0.843951,0.133971,2.236068,61.000000,0.200000,-0.026795
original,306,20.277752,44.224424,0.817156,0.133971,2.236068,61.200000,0.200000,-0.026795
original,307,20.414611,44.370264,0.790361,0.133971,2.236068,61.400000,0.200000,-0.026795
original,308,20.555329,44.512386,0.763566,0.133971,2.236068,61.600000,0.200000,-0.026795
original,309,20.699804,44.650686,0.736771,0.133971,2.236068,61.800000,0.200000,-0.026795
original,310,20.847932,44.785066,0.709976,0.133971,2.236068,62.000000,0.200000,-0.026795
original,311,20.999608,44.915429,0.683181,0.133971,2.236068,62.200000,0.200000,-0.026795
original,312,21.154722,45.041682,0.656386,0.133971,3.000000,62.400000,0.200000,-0.026795
original,313,21.313162,45.163734,0.629591,0.133971,3.000000,62.600000,0.200000,-0.026795
original,314,21.474816,45.281497,0.602797,0.133971,3.000000,62.800000,0.200000,-0.026795
original,315,21.639566,45.394886,0.576002,0.133971,3.000000,63.000000,0.200000,-0.026795
original,316,21.807296,45.503821,0.549207,0.133971,3.000000,63.200000,0.200000,-0.026795
original,317,21.977884,45.608223,0.522412,0.133971,3.000000,63.400000,0.200000,-0.026795
original,318,22.151207,45.708018,0.495617,0.133971,2.828427,63.600000,0.200000,-0.026795
original,319,22.327142,45.803133,0.468822,0.133971,2.828427,63.800000,0.200000,-0.026795
original,320,22.505563,45.893500,0.442027,0.133971,2.828427,64.000000,0.200000,-0.026795
original,321,22.686340,45.979054,0.415232,0.133971,2.828427,64.200000,0.200000,-0.026795
original,322,22.869344,46.059735,0.388437,0.133971,3.605551,64.400000,0.200000,-0.026795
original,323,23.054445,46.135483,0.361642,0.133971,3.162278,64.600000,0.200000,-0.026795
original,324,23.241508,46.206245,0.334847,0.133971,3.162278,64.800000,0.200000,-0.026795
original,325,23.430400,46.271970,0.308052,0.133971,3.162278,65.000000,0.200000,-0.026795
original,326,23.620985,46.332611,0.281258,0.133971,3.162278,65.200000,0.200000,-0.026795
original,327,23.813127,46.388124,0.254463,0.133971,3.162278,65.400000,0.200000,-0.026795
original,328,24.006687,46.438469,0.227668,0.133971,3.000000,65.600000,0.200000,-0.026795
original,329,24.201526,46.483610,0.227668,0.000000,3.000000,65.800000,0.200000,0.000000
original,330,24.396365,46.528751,0.227668,0.000000,3.000000,66.000000,0.200000,0.000000
original,331,24.591204,46.573893,0.227668,0.000000,3.000000,66.200000,0.200000,0.000000
original,332,24.786043,46.619034,0.227668,0.000000,3.000000,66.400000,0.200000,0.000000
original,333,24.980882,46.664175,0.227668,0.000000,3.000000,66.600000,0.200000,0.000000
original,334,25.175721,46.709316,0.227668,0.000000,3.000000,66.800000,0.200000,0.000000
original,335,25.370560,46.754457,0.227668,0.000000,3.000000,67.000000,0.200000,0.000000
original,336,25.565399,46.799599,0.227668,0.000000,3.000000,67.200000,0.200000,0.000000
original,337,25.760238,46.844740,0.227668,0.000000,3.000000,67.400000,0.200000,0.000000
original,338,25.955078,46.889881,0.227668,0.000000,3.000000,67.600000,0.200000,0.000000
original,339,26.149917,46.935022,0.227668,0.000000,3.000000,67.800000,0.200000,0.000000
original,340,26.344756,46.980163,0.227668,0.000000,3.000000,68.000000,0.200000,0.000000
original,341,26.539595,47.025305,0.227668,0.000000,4.000000,68.200000,0.200000,0.000000
original,342,26.734434,47.070446,0.227668,0.000000,4.000000,68.400000,0.200000,0.000000
original,343,26.929273,47.115587,0.227668,0.000000,4.000000,68.600000,0.200000,0.000000
original,344,27.124112,47.160728,0.227668,0.000000,4.000000,68.800000,0.200000,0.000000
original,345,27.318951,47.205869,0.227668,0.000000,4.000000,69.000000,0.200000,0.000000
original,346,27.513790,47.251011,0.227668,0.000000,4.000000,69.200000,0.200000,0.000000
original,347,27.708629,47.296152,0.227668,0.000000,4.000000,69.400000,0.200000,0.000000
original,348,27.903468,47.341293,0.227668,0.000000,4.000000,69.600000,0.200000,0.000000
original,349,28.098308,47.386434,0.227668,0.000000,4.000000,69.800000,0.200000,0.000000
original,350,28.293147,47.431575,0.227668,0.000000,4.000000,70.000000,0.200000,0.000000
original,351,28.487986,47.476717,0.227668,0.000000,4.000000,70.200000,0.200000,0.000000
original,352,28.682825,47.521858,0.227668,0.000000,4.000000,70.400000,0.200000,0.000000
original,353,28.877664,47.566999,0.227668,0.000000,4.000000,70.600000,0.200000,0.000000
original,354,29.072503,47.612140,0.227668,0.000000,4.000000,70.800000,0.200000,0.000000
original,355,29.267342,47.657281,0.227668,0.000000,4.000000,71.000000,0.200000,0.000000
original,356,29.462181,47.702423,0.227668,0.000000,4.000000,71.200000,0.200000,0.000000
original,357,29.657020,47.747564,0.227668,0.000000,4.000000,71.400000,0.200000,0.000000
original,358,29.851859,47.792705,0.227668,0.000000,4.000000,71.600000,0.200000,0.000000
original,359,30.046698,47.837846,0.227668,0.000000,4.000000,71.800000,0.200000,0.000000
original,360,30.241538,47.882987,0.227668,0.000000,4.000000,72.000000,0.200000,0.000000
original,361,30.436377,47.928129,0.200873,0.133971,4.000000,72.200000,0.200000,-0.026795
original,362,30.632355,47.968034,0.174078,0.133971,4.000000,72.400000,0.200000,-0.026795
original,363,30.829333,48.002674,0.147283,0.133971,5.000000,72.600000,0.200000,-0.026795
original,364,31.027167,48.032024,0.120488,0.133971,5.000000,72.800000,0.200000,-0.026795
original,365,31.225717,48.056063,0.093693,0.133971,5.000000,73.000000,0.200000,-0.026795
original,366,31.424840,48.074774,0.066898,0.133971,5.000000,73.200000,0.200000,-0.026795
original,367,31.624393,48.088144,0.040103,0.133971,5.000000,73.400000,0.200000,-0.026795
original,368,31.824232,48.096163,0.013308,0.133971,5.000000,73.600000,0.200000,-0.026795
original,369,32.024214,48.098824,-0.013487,0.133971,5.000000,73.800000,0.200000,-0.026795
original,370,32.224196,48.096127,-0.040281,0.133971,5.000000,74.000000,0.200000,-0.026795
original,371,32.424034,48.088073,-0.067076,0.133971,5.000000,74.200000,0.200000,-0.026795
original,372,32.623584,48.074668,-0.093871,0.133971,5.000000,74.400000,0.200000,-0.026795
original,373,32.822703,48.055921,-0.120666,0.133971,5.000000,74.600000,0.200000,-0.026795
original,374,33.021249,48.031846,-0.147461,0.133971,5.000000,74.800000,0.200000,-0.026795
original,375,33.219079,48.002461,-0.174256,0.133971,5.000000,75.000000,0.200000,-0.026795
original,376,33.416050,47.967786,-0.201051,0.200143,4.000000,75.200000,0.200000,-0.026795
original,377,33.616221,47.924120,-0.228500,0.133975,4.000000,75.404878,0.204878,-0.027449
original,378,33.815118,47.874977,-0.255950,0.133975,4.000000,75.609757,0.204878,-0.027449
original,379,34.012592,47.820394,-0.283399,0.133975,4.000000,75.814635,0.204878,-0.027449
original,380,34.208493,47.760412,-0.310848,0.133975,4.000000,76.019514,0.204878,-0.027449
original,381,34.402674,47.695075,-0.338298,0.133975,4.000000,76.224392,0.204878,-0.027449
original,382,34.594989,47.624434,-0.365747,0.084414,4.000000,76.429270,0.204878,-0.027449
original,383,34.786059,47.550475,-0.369586,0.001310,4.000000,76.634155,0.204885,-0.003839
original,384,34.977109,47.476464,-0.369586,-nan,4.000000,76.839040,0.204885,0.000000
original,385,35.168160,47.402454,-0.369586,0.040563,4.000000,77.043925,0.204885,0.000000
original,386,35.359814,47.330035,-0.348226,0.130678,4.000000,77.248804,0.204880,0.021360
original,387,35.553337,47.262774,-0.320777,0.133975,4.000000,77.453683,0.204878,0.027449
original,388,35.748633,47.200850,-0.293327,0.133975,4.000000,77.658561,0.204878,0.027449
original,389,35.945554,47.144309,-0.265878,0.133975,4.000000,77.863440,0.204878,0.027449
original,390,36.143954,47.093194,-0.238429,0.133975,4.123106,78.068318,0.204878,0.027449
original,391,36.343682,47.047543,-0.210979,0.133975,4.123106,78.273196,0.204878,0.027449
original,392,36.544587,47.007392,-0.183530,0.133975,4.123106,78.478075,0.204878,0.027449
original,393,36.746519,46.972769,-0.156080,0.133975,3.162278,78.682953,0.204878,0.027449
original,394,36.949325,46.943702,-0.128631,0.133975,3.162278,78.887831,0.204878,0.027449
original,395,37.152852,46.920212,-0.101182,0.133975,3.605551,79.092710,0.204878,0.027449
original,396,37.356948,46.902317,-0.073732,0.133975,3.605551,79.297588,0.204878,0.027449
original,397,37.561457,46.890030,-0.046283,0.133975,3.605551,79.502467,0.204878,0.027449
original,398,37.766227,46.883360,-0.018834,0.133975,3.605551,79.707345,0.204878,0.027449
original,399,37.971103,46.882314,0.008616,0.133975,3.605551,79.912223,0.204878,0.027449
original,400,38.175930,46.886890,0.036065,0.000000,4.000000,80.117102,0.204878,0.027449
optimized,0,47.097572,43.994781,-1.553971,0.000000,5.000000,0.000000,0.000000,0.000000
optimized,1,47.100937,43.794810,-1.553971,0.000000,5.000000,0.200000,0.200000,0.000000
optimized,2,47.104302,43.594838,-1.553971,0.000000,5.000000,0.400000,0.200000,0.000000
optimized,3,47.107667,43.394866,-1.553971,0.000000,5.000000,0.600000,0.200000,0.000000
optimized,4,47.111032,43.194895,-1.553971,0.000000,5.000000,0.800000,0.200000,0.000000
optimized,5,47.114397,42.994923,-1.553971,0.000000,5.000000,1.000000,0.200000,0.000000
optimized,6,47.117762,42.794951,-1.553971,0.000000,5.000000,1.200000,0.200000,-0.000000
optimized,7,47.121126,42.594980,-1.553971,0.000000,5.000000,1.400000,0.200000,0.000000
optimized,8,47.124491,42.395008,-1.553971,0.000000,5.000000,1.600000,0.200000,0.000000
optimized,9,47.127856,42.195036,-1.553971,0.000000,5.000000,1.800000,0.200000,-0.000000
optimized,10,47.131221,41.995065,-1.553971,0.000000,5.000000,2.000000,0.200000,-0.000000
optimized,11,47.134586,41.795093,-1.553971,0.000000,5.000000,2.200000,0.200000,-0.000000
optimized,12,47.137951,41.595121,-1.553971,0.000000,5.000000,2.400000,0.200000,0.000000
optimized,13,47.141316,41.395149,-1.553971,0.000000,5.000000,2.600000,0.200000,0.000000
optimized,14,47.144681,41.195178,-1.553971,0.000000,5.000000,2.800000,0.200000,-0.000000
optimized,15,47.148045,40.995206,-1.553971,0.000000,5.000000,3.000000,0.200000,-0.000000
optimized,16,47.151410,40.795234,-1.553971,0.000000,5.000000,3.200000,0.200000,0.000000
optimized,17,47.154775,40.595263,-1.553970,0.000003,5.000000,3.400000,0.200000,0.000001
optimized,18,47.158140,40.395291,-1.553970,0.000001,5.000000,3.600000,0.200000,0.000000
optimized,19,47.161505,40.195319,-1.553977,0.000036,5.000000,3.800000,0.200000,-0.000007
optimized,20,47.164869,39.995348,-1.553990,0.000063,5.000000,4.000000,0.200000,-0.000013
optimized,21,47.168230,39.795376,-1.553936,0.000269,5.000000,4.200000,0.200000,0.000054
optimized,22,47.171602,39.595404,-1.553736,0.001002,5.000000,4.400000,0.200000,0.000200
optimized,23,47.175014,39.395433,-1.553916,0.000900,5.000000,4.600000,0.200000,-0.000180
optimized,24,47.178390,39.195462,-1.556015,0.010496,5.000000,4.800000,0.200000,-0.002099
optimized,25,47.181346,38.995483,-1.558880,0.014325,5.000000,5.000001,0.200000,-0.002865
optimized,26,47.183729,38.795498,-1.562670,0.018953,5.000000,5.200000,0.199999,-0.003791
optimized,27,47.185354,38.595507,-1.567549,0.024395,5.000000,5.399997,0.199997,-0.004879
optimized,28,47.186004,38.395517,-1.573701,0.030759,5.000000,5.599989,0.199992,-0.006151
optimized,29,47.185423,38.195537,-1.581311,0.038056,5.000000,5.799969,0.199980,-0.007610
optimized,30,47.183321,37.995595,-1.590545,0.046191,5.000000,5.999923,0.199954,-0.009235
optimized,31,47.179373,37.795742,-1.601532,0.054978,5.000000,6.199815,0.199892,-0.010986
optimized,32,47.173234,37.596065,-1.614343,0.064162,5.000000,6.399586,0.199771,-0.012811
optimized,33,47.164546,37.396679,-1.628991,0.073444,5.000000,6.599161,0.199575,-0.014648
optimized,34,47.152953,37.197703,-1.645429,0.082529,5.000000,6.798474,0.199313,-0.016437
optimized,35,47.138114,36.999240,-1.663558,0.091157,5.000000,6.997492,0.199018,-0.018129
optimized,36,47.119706,36.801362,-1.683246,0.099128,5.000000,7.196224,0.198732,-0.019688
optimized,37,47.097433,36.604129,-1.704335,0.106300,5.000000,7.394711,0.198487,-0.021089
optimized,38,47.071032,36.407601,-1.726652,0.112584,5.000000,7.593004,0.198293,-0.022317
optimized,39,47.040274,36.211855,-1.750015,0.117937,5.000000,7.791152,0.198148,-0.023363
optimized,40,47.004971,36.016986,-1.774244,0.122364,5.000000,7.989193,0.198041,-0.024229
optimized,41,46.964973,35.823105,-1.799168,0.125917,4.000000,8.187156,0.197963,-0.024924
optimized,42,46.920168,35.630335,-1.824634,0.128684,4.000000,8.385065,0.197908,-0.025466
optimized,43,46.870479,35.438805,-1.850509,0.130770,4.000000,8.582935,0.197871,-0.025875
optimized,44,46.815858,35.248649,-1.876682,0.132292,4.000000,8.780781,0.197846,-0.026173
optimized,45,46.756284,35.060002,-1.903065,0.133359,4.000000,8.978611,0.197830,-0.026383
optimized,46,46.691758,34.873003,-1.929586,0.134068,4.123106,9.176430,0.197819,-0.026522
optimized,47,46.622297,34.687785,-1.956191,0.134494,4.123106,9.374243,0.197813,-0.026605
optimized,48,46.547935,34.504485,-1.982835,0.134688,4.123106,9.572054,0.197810,-0.026643
optimized,49,46.468717,34.323232,-2.009475,0.134674,4.123106,9.769862,0.197809,-0.026640
optimized,50,46.384699,34.144153,-2.036070,0.134442,4.123106,9.967671,0.197809,-0.026595
optimized,51,46.295948,33.967370,-2.062568,0.133954,4.472136,10.165481,0.197810,-0.026498
optimized,52,46.202543,33.792998,-2.088905,0.133131,4.472136,10.363294,0.197814,-0.026336
optimized,53,46.104575,33.621140,-2.114991,0.131862,4.472136,10.561114,0.197820,-0.026086
optimized,54,46.002152,33.451887,-2.140709,0.129992,4.472136,10.758945,0.197831,-0.025718
optimized,55,45.895402,33.285309,-2.165903,0.127328,3.605551,10.956794,0.197848,-0.025194
optimized,56,45.784473,33.121450,-2.190372,0.123642,3.605551,11.154670,0.197876,-0.024469
optimized,57,45.669543,32.960319,-2.213864,0.118672,4.123106,11.352589,0.197919,-0.023492
optimized,58,45.550821,32.801880,-2.236073,0.112145,4.123106,11.550573,0.197984,-0.022209
optimized,59,45.428550,32.646040,-2.256640,0.103793,4.123106,11.748655,0.198082,-0.020567
optimized,60,45.303015,32.492645,-2.275158,0.093388,4.123106,11.946870,0.198215,-0.018518
optimized,61,45.174564,32.341485,-2.291189,0.080784,4.123106,12.145236,0.198366,-0.016031
optimized,62,45.043605,32.192289,-2.304296,0.065977,4.123106,12.343755,0.198519,-0.013107
optimized,63,44.910513,32.044612,-2.314091,0.049165,3.162278,12.542556,0.198801,-0.009794
optimized,64,44.775426,31.897643,-2.320201,0.030490,3.000000,12.742176,0.199620,-0.006110
optimized,65,44.638380,31.750358,-2.321545,0.006668,3.000000,12.943359,0.201183,-0.001344
optimized,66,44.500618,31.602704,-2.315169,0.031893,3.000000,13.145300,0.201941,0.006376
optimized,67,44.366530,31.457136,-2.304488,0.055491,3.000000,13.343213,0.197913,0.010681
optimized,68,44.241280,31.318214,-2.291315,0.072570,3.000000,13.530261,0.187049,0.013173
optimized,69,44.125164,31.185961,-2.276486,0.084382,3.000000,13.706254,0.175993,0.014829
optimized,70,44.011358,31.052396,-2.259805,0.092386,3.000000,13.881729,0.175475,0.016681
optimized,71,43.893337,30.909109,-2.284544,0.127350,2.236068,14.067363,0.185634,-0.024739
optimized,72,43.760522,30.755754,-2.310273,0.125920,2.236068,14.270237,0.202874,-0.025729
optimized,73,43.621849,30.603722,-2.331086,0.102249,2.236068,14.476013,0.205776,-0.020813
optimized,74,43.483111,30.457836,-2.347888,0.083029,2.236068,14.677337,0.201324,-0.016802
optimized,75,43.340491,30.312827,-2.365065,0.081666,2.236068,14.880728,0.203392,-0.017178
optimized,76,43.185492,30.160554,-2.393047,0.123242,2.236068,15.098011,0.217283,-0.027982
optimized,77,43.011999,29.999399,-2.407404,0.059559,2.828427,15.334803,0.236792,-0.014357
optimized,78,42.829884,29.835042,-2.437406,0.128849,2.236068,15.580117,0.245314,-0.030002
optimized,79,42.661938,29.692377,-2.452030,0.068821,2.236068,15.800479,0.220361,-0.014624
optimized,80,42.504054,29.562186,-2.462642,0.051168,2.236068,16.005117,0.204639,-0.010612
optimized,81,42.340519,29.430225,-2.475577,0.058511,2.236068,16.215254,0.210137,-0.012935
optimized,82,42.158093,29.286877,-2.496670,0.088378,2.236068,16.447263,0.232009,-0.021093
optimized,83,41.962057,29.139414,-2.531022,0.154400,2.000000,16.692569,0.245307,-0.034352
optimized,84,41.798481,29.024948,-2.555756,0.142443,2.000000,16.892218,0.199648,-0.024734
optimized,85,41.675476,28.943329,-2.540576,0.100599,3.000000,17.039838,0.147621,0.015180
optimized,86,41.548327,28.856152,-2.523774,0.102156,3.000000,17.194004,0.154166,0.016802
optimized,87,41.405863,28.754914,-2.503781,0.109242,3.000000,17.368775,0.174771,0.019993
optimized,88,41.252209,28.641033,-2.483044,0.106098,3.000000,17.560030,0.191255,0.020737
optimized,89,41.094312,28.518856,-2.464498,0.092410,3.000000,17.759676,0.199646,0.018545
optimized,90,40.937092,28.392472,-2.449505,0.074462,3.000000,17.961397,0.201721,0.014993
optimized,91,40.782346,28.264211,-2.437980,0.057470,3.000000,18.162387,0.200990,0.011525
optimized,92,40.629777,28.134758,-2.429276,0.043528,3.000000,18.362476,0.200089,0.008704
optimized,93,40.478548,28.004163,-2.422761,0.032602,3.000000,18.562289,0.199813,0.006516
optimized,94,40.328117,27.872535,-2.417936,0.024130,4.000000,18.762177,0.199888,0.004824
optimized,95,40.178253,27.740122,-2.414395,0.017706,4.000000,18.962158,0.199981,0.003541
optimized,96,40.028839,27.607160,-2.411853,0.012712,4.000000,19.162167,0.200008,0.002542
optimized,97,39.879765,27.473822,-2.411159,0.003469,4.000000,19.362172,0.200005,0.000694
optimized,98,39.730788,27.340383,-2.411342,0.000917,4.000000,19.562173,0.200000,-0.000183
optimized,99,39.581787,27.206972,-2.411424,0.000407,4.000000,19.762172,0.199999,-0.000081
optimized,100,39.432775,27.073573,-2.411416,0.000040,4.000000,19.962172,0.200000,0.000008
optimized,101,39.283763,26.940172,-2.411408,0.000038,5.000000,20.162172,0.200000,0.000008
optimized,102,39.134753,26.806771,-2.411408,0.000000,5.000000,20.362172,0.200000,0.000000
optimized,103,38.985743,26.673370,-2.411409,0.000003,5.000000,20.562172,0.200000,-0.000001
optimized,104,38.836733,26.539968,-2.411409,0.000000,5.000000,20.762172,0.200000,-0.000000
optimized,105,38.687722,26.406567,-2.411408,0.000004,5.000000,20.962172,0.200000,0.000001
optimized,106,38.538712,26.273165,-2.411408,0.000002,5.000000,21.162172,0.200000,0.000000
optimized,107,38.389702,26.139764,-2.411414,0.000034,5.000000,21.362172,0.200000,-0.000007
optimized,108,38.240691,26.006363,-2.411427,0.000065,5.000000,21.562172,0.200000,-0.000013
optimized,109,38.091678,25.872965,-2.411378,0.000246,5.385165,21.762172,0.200000,0.000049
optimized,110,37.942672,25.739559,-2.411183,0.000977,4.472136,21.962172,0.200000,0.000195
optimized,111,37.793691,25.606124,-2.411323,0.000699,4.472136,22.162172,0.200000,-0.000140
optimized,112,37.644692,25.472710,-2.413262,0.009696,4.472136,22.362172,0.200000,-0.001939
optimized,113,37.495435,25.339584,-2.416038,0.013883,4.472136,22.562173,0.200000,-0.002777
optimized,114,37.345809,25.206875,-2.419660,0.018110,4.472136,22.762172,0.200000,-0.003622
optimized,115,37.195705,25.074709,-2.424246,0.022931,4.472136,22.962169,0.199997,-0.004586
optimized,116,37.045000,24.943237,-2.429923,0.028384,5.000000,23.162162,0.199992,-0.005676
optimized,117,36.893559,24.812628,-2.436792,0.034350,4.000000,23.362144,0.199983,-0.006869
optimized,118,36.741241,24.683077,-2.444905,0.040580,4.000000,23.562105,0.199960,-0.008113
optimized,119,36.587917,24.554801,-2.454239,0.046707,4.000000,23.762012,0.199908,-0.009335
optimized,120,36.433488,24.428030,-2.464680,0.052278,4.000000,23.961810,0.199798,-0.010440
optimized,121,36.277893,24.302999,-2.476008,0.056790,4.000000,24.161416,0.199606,-0.011328
optimized,122,36.121097,24.179900,-2.487912,0.059747,4.000000,24.360761,0.199345,-0.011904
optimized,123,35.963019,24.058807,-2.500008,0.060729,3.000000,24.559890,0.199129,-0.012096
optimized,124,35.803403,23.939572,-2.511868,0.059426,3.162278,24.759123,0.199233,-0.011860
optimized,125,35.641819,23.821827,-2.522994,0.055533,3.162278,24.959057,0.199934,-0.011126
optimized,126,35.478264,23.705410,-2.532704,0.048557,3.162278,25.159813,0.200756,-0.009710
optimized,127,35.314879,23.591486,-2.540115,0.038039,3.162278,25.358995,0.199182,-0.007411
optimized,128,35.157855,23.483720,-2.544632,0.024942,3.162278,25.549442,0.190447,-0.004518
optimized,129,35.015772,23.387148,-2.547374,0.016876,3.162278,25.721237,0.171795,-0.002742
optimized,130,34.888869,23.301402,-2.572734,0.156866,2.236068,25.874394,0.153156,-0.025360
optimized,131,34.745499,23.209737,-2.605410,0.178373,2.236068,26.044563,0.170169,-0.032676
optimized,132,34.576841,23.109512,-2.648003,0.202506,2.236068,26.240752,0.196190,-0.042593
optimized,133,34.379196,23.003177,-2.693213,0.192015,2.236068,26.465186,0.224434,-0.045210
optimized,134,34.157127,22.896349,-2.688092,0.021576,2.828427,26.711615,0.246429,0.005121
optimized,135,33.951931,22.796341,-2.731501,0.200446,2.236068,26.939885,0.228269,-0.043409
optimized,136,33.764092,22.714679,-2.764224,0.163414,2.236068,27.144707,0.204822,-0.032723
optimized,137,33.582210,22.642588,-2.789359,0.126005,2.236068,27.340354,0.195648,-0.025135
optimized,138,33.391401,22.572454,-2.812039,0.106162,2.236068,27.543645,0.203291,-0.022680
optimized,139,33.179481,22.499972,-2.834241,0.094997,2.236068,27.767617,0.223972,-0.022202
optimized,140,32.947447,22.426321,-2.872612,0.163869,2.000000,28.011060,0.243443,-0.038371
optimized,141,32.730687,22.366569,-2.901016,0.131806,2.000000,28.235904,0.224845,-0.028404
optimized,142,32.530491,22.317456,-2.919991,0.093913,2.000000,28.442037,0.206132,-0.018975
optimized,143,32.337368,22.273945,-2.933878,0.070267,2.000000,28.640001,0.197964,-0.013887
optimized,144,32.144314,22.233257,-2.945007,0.056194,2.000000,28.837296,0.197296,-0.011129
optimized,145,31.949337,22.194426,-2.954518,0.047728,2.000000,29.036102,0.198806,-0.009511
optimized,146,31.753064,22.157274,-2.963594,0.045423,2.000000,29.235860,0.199758,-0.009075
optimized,147,31.556387,22.121891,-2.973949,0.051858,2.000000,29.435695,0.199834,-0.010356
optimized,148,31.359639,22.088595,-2.987875,0.069813,2.000000,29.635241,0.199546,-0.013926
optimized,149,31.162594,22.058065,-3.008322,0.102438,2.000000,29.834637,0.199396,-0.020447
optimized,150,30.964563,22.031516,-3.038600,0.151240,2.000000,30.034439,0.199802,-0.030278
optimized,151,30.765050,22.010895,-3.096855,0.291645,2.000000,30.235015,0.200576,-0.058255
optimized,152,30.566390,22.002001,-3.126946,0.153680,2.000000,30.433874,0.198859,-0.030091
optimized,153,30.373673,21.999178,3.140670,0.082465,2.828427,30.626611,0.192737,-0.015569
optimized,154,30.188817,21.999349,3.141273,0.003346,2.828427,30.811468,0.184856,0.000603
optimized,155,30.013047,21.999405,3.131767,0.055286,2.828427,30.987237,0.175770,-0.009507
optimized,156,29.844923,22.001057,3.141128,0.054665,2.000000,31.155370,0.168132,0.009362
optimized,157,29.670541,22.001138,3.140373,0.004191,2.000000,31.329752,0.174382,-0.000755
optimized,158,29.484451,22.001365,-3.140687,0.010962,2.000000,31.515842,0.186090,0.002126
optimized,159,29.282714,22.001182,-3.135884,0.022878,2.000000,31.717579,0.201737,0.004802
optimized,160,29.064658,21.999938,-3.133656,0.009978,2.236068,31.935639,0.218060,0.002229
optimized,161,28.836021,21.998123,3.139235,0.046157,2.000000,32.164283,0.228645,-0.010294
optimized,162,28.618601,21.998635,3.140543,0.006194,2.000000,32.381703,0.217420,0.001307
optimized,163,28.413844,21.998850,-3.140980,0.008224,2.000000,32.586460,0.204757,0.001663
optimized,164,28.214280,21.998728,3.124829,0.086247,2.000000,32.786024,0.199564,-0.017377
optimized,165,28.010931,22.002137,3.138565,0.066255,2.000000,32.989402,0.203377,0.013736
optimized,166,27.799657,22.002777,-3.130851,0.065382,2.236068,33.200677,0.211275,0.013769
optimized,167,27.589747,22.000522,3.132173,0.096028,2.236068,33.410599,0.209922,-0.020161
optimized,168,27.379778,22.002500,3.075688,0.274811,2.236068,33.620578,0.209979,-0.056485
optimized,169,27.179163,22.015741,3.011252,0.330747,2.236068,33.821629,0.201051,-0.064436
optimized,170,26.992241,22.040243,2.987523,0.125775,2.828427,34.010151,0.188522,-0.023729
optimized,171,26.805686,22.069216,2.961154,0.138789,2.828427,34.198942,0.188791,-0.026369
optimized,172,26.617604,22.103526,2.930885,0.157506,2.828427,34.390127,0.191185,-0.030269
optimized,173,26.428720,22.143925,2.897574,0.172553,2.828427,34.583284,0.193157,-0.033311
optimized,174,26.241517,22.190535,2.862819,0.181478,2.828427,34.776202,0.192918,-0.034755
optimized,175,26.058771,22.242842,2.828598,0.181276,2.828427,34.966286,0.190084,-0.034221
optimized,176,25.880427,22.300560,2.803822,0.130575,3.000000,35.153737,0.187451,-0.024776
optimized,177,25.699249,22.364195,2.777824,0.133925,3.000000,35.345766,0.192029,-0.025998
optimized,178,25.515882,22.434005,2.750505,0.138599,3.000000,35.541971,0.196206,-0.027319
optimized,179,25.332829,22.509483,2.722799,0.139847,3.000000,35.739975,0.198004,-0.027706
optimized,180,25.151745,22.590088,2.695368,0.138469,3.000000,35.938189,0.198213,-0.027431
optimized,181,24.973156,22.675526,2.668454,0.135998,3.000000,36.136163,0.197974,-0.026915
optimized,182,24.797064,22.765671,2.642099,0.133222,3.000000,36.333987,0.197824,-0.026355
optimized,183,24.623417,22.860421,2.616336,0.130218,3.000000,36.531802,0.197815,-0.025763
optimized,184,24.452230,22.959634,2.591243,0.126802,3.000000,36.729661,0.197860,-0.025093
optimized,185,24.283543,23.063139,2.566938,0.122790,4.000000,36.927572,0.197911,-0.024306
optimized,186,24.117373,23.170743,2.543562,0.118052,4.000000,37.125540,0.197967,-0.023375
optimized,187,23.953701,23.282244,2.521277,0.112498,4.000000,37.323583,0.198043,-0.022286
optimized,188,23.792469,23.397426,2.500248,0.106087,4.000000,37.521731,0.198148,-0.021029
optimized,189,23.633577,23.516060,2.480639,0.098837,4.000000,37.720025,0.198294,-0.019609
optimized,190,23.476889,23.637906,2.462597,0.090836,4.000000,37.918513,0.198488,-0.018041
optimized,191,23.322232,23.762715,2.446243,0.082232,4.000000,38.117249,0.198736,-0.016355
optimized,192,23.169415,23.890220,2.431659,0.073222,4.000000,38.316273,0.199024,-0.014584
optimized,193,23.018251,24.020133,2.418887,0.064038,5.000000,38.515592,0.199318,-0.012772
optimized,194,22.868564,24.152137,2.407916,0.054942,5.000000,38.715169,0.199578,-0.010970
optimized,195,22.720192,24.285903,2.398681,0.046217,5.000000,38.914939,0.199770,-0.009236
optimized,196,22.572973,24.421115,2.391052,0.038158,5.000000,39.114828,0.199889,-0.007629
optimized,197,22.426745,24.557489,2.384842,0.031057,5.000000,39.314778,0.199951,-0.006210
optimized,198,22.281347,24.694786,2.379805,0.025188,5.000000,39.514757,0.199978,-0.005037
optimized,199,22.136633,24.832823,2.375647,0.020787,5.000000,39.714748,0.199991,-0.004157
optimized,200,21.992490,24.971464,2.372046,0.018009,5.000000,39.914744,0.199996,-0.003602
optimized,201,21.848846,25.110626,2.368672,0.016866,4.000000,40.114743,0.199999,-0.003373
optimized,202,21.705672,25.250271,2.365236,0.017182,4.000000,40.314742,0.199999,-0.003436
optimized,203,21.562979,25.390406,2.361519,0.018583,4.000000,40.514740,0.199998,-0.003717
optimized,204,21.420807,25.531071,2.357411,0.020544,4.000000,40.714738,0.199998,-0.004109
optimized,205,21.279216,25.672319,2.352920,0.022455,4.000000,40.914735,0.199997,-0.004491
optimized,206,21.138277,25.814184,2.348183,0.023694,4.000000,41.114709,0.199974,-0.004737
optimized,207,20.998068,25.956658,2.343459,0.023640,4.000000,41.314603,0.199894,-0.004724
optimized,208,20.858614,26.099710,2.339126,0.021686,3.000000,41.514381,0.199779,-0.004333
optimized,209,20.719747,26.243400,2.335669,0.017275,3.000000,41.714209,0.199827,-0.003456
optimized,210,20.581018,26.387945,2.334164,0.007498,3.000000,41.914555,0.200346,-0.001505
optimized,211,20.441998,26.533228,2.338429,0.021258,3.000000,42.115637,0.201082,0.004265
optimized,212,20.303011,26.677243,2.345826,0.037523,3.000000,42.315781,0.200144,0.007397
optimized,213,20.167172,26.815929,2.355605,0.052063,3.000000,42.509910,0.194129,0.009779
optimized,214,20.038890,26.944363,2.364938,0.053203,3.000000,42.691435,0.181525,0.009333
optimized,215,19.918122,27.063037,2.337448,0.157753,2.236068,42.860753,0.169318,-0.027490
optimized,216,19.793811,27.192098,2.305918,0.170262,2.236068,43.039946,0.179192,-0.031530
optimized,217,19.665600,27.333896,2.270580,0.181307,2.236068,43.231112,0.191166,-0.035338
optimized,218,19.537676,27.485840,2.232531,0.189696,2.236068,43.429736,0.198625,-0.038049
optimized,219,19.413237,27.645604,2.192291,0.198154,2.236068,43.632244,0.202508,-0.040240
optimized,220,19.294681,27.811147,2.150527,0.206888,2.236068,43.835862,0.203618,-0.041763
optimized,221,19.185077,27.978536,2.106769,0.222732,2.236068,44.035943,0.200080,-0.043758
optimized,222,19.086612,28.144312,2.008251,0.514981,1.414214,44.228756,0.192813,-0.098518
optimized,223,19.006274,28.316093,1.917847,0.459852,1.414214,44.418395,0.189639,-0.090404
optimized,224,18.937087,28.507381,1.999597,0.390864,2.000000,44.621810,0.203416,0.081750
optimized,225,18.847789,28.702709,2.112477,0.479231,2.000000,44.836583,0.214773,0.112880
optimized,226,18.715771,28.922111,2.240350,0.451089,2.000000,45.092641,0.256058,0.127874
optimized,227,18.523064,29.165573,2.151086,0.311022,2.000000,45.403141,0.310500,-0.089265
optimized,228,18.378697,29.385785,2.051794,0.416806,2.000000,45.666456,0.263316,-0.099292
optimized,229,18.280184,29.574549,1.984255,0.336086,2.000000,45.879381,0.212924,-0.067539
optimized,230,18.204284,29.747543,1.930578,0.287586,2.000000,46.068292,0.188912,-0.053677
optimized,231,18.139383,29.920079,1.875254,0.295891,2.000000,46.252631,0.184339,-0.055323
optimized,232,18.082558,30.100919,1.809233,0.334938,2.000000,46.442189,0.189558,-0.066021
optimized,233,18.034236,30.299730,1.723815,0.395742,2.000000,46.646788,0.204599,-0.085418
optimized,234,17.999643,30.524032,1.728648,0.021713,2.236068,46.873742,0.226954,0.004833
optimized,235,17.965338,30.739548,1.754773,0.131519,2.236068,47.091971,0.218229,0.026125
optimized,236,17.932585,30.915561,1.772437,0.110658,2.236068,47.271005,0.179035,0.017664
optimized,237,17.904504,31.052930,1.767181,0.035040,3.162278,47.411216,0.140210,-0.005255
optimized,238,17.873332,31.209612,1.756165,0.063946,3.162278,47.570968,0.159752,-0.011016
optimized,239,17.839274,31.391238,1.739752,0.085818,3.162278,47.755760,0.184792,-0.016413
optimized,240,17.806026,31.586144,1.718720,0.105648,3.162278,47.953481,0.197721,-0.021032
optimized,241,17.776487,31.784376,1.695479,0.116284,3.162278,48.153902,0.200421,-0.023241
optimized,242,17.751703,31.982128,1.671403,0.121151,3.162278,48.353201,0.199299,-0.024076
optimized,243,17.731802,32.179262,1.646878,0.123903,3.605551,48.551337,0.198136,-0.024525
optimized,244,17.716773,32.376421,1.622019,0.125718,3.605551,48.749068,0.197730,-0.024859
optimized,245,17.706649,32.573891,1.597033,0.126336,3.605551,48.946797,0.197730,-0.024986
optimized,246,17.701460,32.771627,1.572229,0.125379,3.605551,49.144602,0.197804,-0.024805
optimized,247,17.701177,32.969487,1.547945,0.122716,3.605551,49.342462,0.197860,-0.024284
optimized,248,17.705699,33.167345,1.524518,0.118351,4.242641,49.540371,0.197910,-0.023427
optimized,249,17.714858,33.365110,1.502277,0.112309,4.242641,49.738349,0.197977,-0.022241
optimized,250,17.728419,33.562721,1.481546,0.104625,4.242641,49.936424,0.198075,-0.020731
optimized,251,17.746086,33.760143,1.462632,0.095377,4.242641,50.134635,0.198211,-0.018914
optimized,252,17.767503,33.957378,1.445811,0.084733,4.242641,50.333030,0.198395,-0.016821
optimized,253,17.792266,34.154468,1.431306,0.072965,4.123106,50.531669,0.198639,-0.014505
optimized,254,17.819926,34.351479,1.419272,0.060438,4.123106,50.730612,0.198943,-0.012034
optimized,255,17.850006,34.548470,1.409780,0.047596,4.123106,50.929886,0.199274,-0.009492
optimized,256,17.882003,34.745467,1.402777,0.035068,4.123106,51.129465,0.199578,-0.007003
optimized,257,17.915421,34.942490,1.398012,0.023830,4.123106,51.329302,0.199837,-0.004765
optimized,258,17.949822,35.139604,1.395171,0.014190,3.162278,51.529395,0.200093,-0.002841
optimized,259,17.984814,35.336789,1.396503,0.006659,3.162278,51.729661,0.200266,0.001332
optimized,260,18.019454,35.533522,1.397667,0.005860,3.605551,51.929421,0.199759,0.001164
optimized,261,18.053465,35.728000,1.394454,0.016468,3.605551,52.126850,0.197430,-0.003213
optimized,262,18.087289,35.917819,1.389585,0.025523,3.605551,52.319659,0.192809,-0.004868
optimized,263,18.121296,36.103423,1.394245,0.024379,2.828427,52.508353,0.188694,0.004660
optimized,264,18.155302,36.294029,1.394841,0.003045,2.828427,52.701969,0.193616,0.000596
optimized,265,18.189949,36.488905,1.387916,0.035057,2.828427,52.899901,0.197932,-0.006926
optimized,266,18.225807,36.682788,1.375697,0.062933,2.828427,53.097072,0.197171,-0.012219
optimized,267,18.262863,36.870304,1.361080,0.077818,2.828427,53.288214,0.191142,-0.014617
optimized,268,18.301279,37.050792,1.380943,0.106571,2.236068,53.472745,0.184531,0.019863
optimized,269,18.336801,37.235639,1.398626,0.092169,2.236068,53.660974,0.188229,0.017684
optimized,270,18.370291,37.428234,1.412277,0.067851,2.236068,53.856460,0.195486,0.013650
optimized,271,18.402948,37.632516,1.420782,0.039400,2.236068,54.063335,0.206875,0.008506
optimized,272,18.436557,37.854871,1.424160,0.014488,2.236068,54.288215,0.224881,0.003377
optimized,273,18.471814,38.093582,1.446961,0.098017,2.000000,54.529517,0.241301,0.022802
optimized,274,18.499476,38.315820,1.462757,0.073344,2.000000,54.753470,0.223953,0.015795
optimized,275,18.521772,38.521380,1.471859,0.044858,2.000000,54.960235,0.206766,0.009102
optimized,276,18.541434,38.719464,1.476607,0.023913,2.000000,55.159292,0.199057,0.004748
optimized,277,18.560063,38.916669,1.474710,0.009555,2.000000,55.357376,0.198084,-0.001898
optimized,278,18.579171,39.114913,1.469735,0.024930,2.000000,55.556538,0.199162,-0.004974
optimized,279,18.599337,39.313779,1.462117,0.038107,2.000000,55.756424,0.199886,-0.007618
optimized,280,18.621024,39.512540,1.452223,0.049516,2.000000,55.956365,0.199940,-0.009894
optimized,281,18.644645,39.710820,1.440522,0.058646,2.000000,56.156047,0.199682,-0.011701
optimized,282,18.670544,39.908499,1.427578,0.064973,2.000000,56.355415,0.199369,-0.012944
optimized,283,18.698959,40.105541,1.414084,0.067817,2.000000,56.554495,0.199080,-0.013493
optimized,284,18.729993,40.301949,1.400895,0.066358,2.000000,56.753340,0.198844,-0.013189
optimized,285,18.763586,40.497764,1.389053,0.059621,2.000000,56.952016,0.198676,-0.011842
optimized,286,18.799473,40.693047,1.379885,0.046184,2.000000,57.150568,0.198552,-0.009168
optimized,287,18.837134,40.887915,1.375304,0.023067,2.000000,57.349042,0.198474,-0.004581
optimized,288,18.875736,41.082854,1.380891,0.028026,2.000000,57.547767,0.198724,0.005587
optimized,289,18.913478,41.279197,1.395894,0.074683,2.000000,57.747704,0.199938,0.015003
optimized,290,18.948601,41.477961,1.422253,0.131005,2.000000,57.949548,0.201844,0.026358
optimized,291,18.978282,41.676301,1.458581,0.186452,2.000000,58.150096,0.200548,0.036328
optimized,292,18.999458,41.864219,1.494132,0.198992,2.000000,58.339204,0.189108,0.035551
optimized,293,19.012339,42.031906,1.435371,0.359346,2.000000,58.507385,0.168181,-0.058760
optimized,294,19.033780,42.189264,1.384979,0.315851,2.000000,58.666197,0.158812,-0.050393
optimized,295,19.063386,42.346751,1.336132,0.294671,2.000000,58.826442,0.160245,-0.048847
optimized,296,19.103205,42.513312,1.281135,0.303924,2.000000,58.997698,0.171256,-0.054997
optimized,297,19.157649,42.695983,1.213693,0.330712,2.000000,59.188309,0.190611,-0.067441
optimized,298,19.233562,42.899449,1.133444,0.350791,2.000000,59.405475,0.217167,-0.080249
optimized,299,19.335316,43.117080,1.063569,0.301826,2.236068,59.645719,0.240244,-0.069875
optimized,300,19.443480,43.311718,1.010761,0.247886,2.236068,59.868392,0.222673,-0.052808
optimized,301,19.551501,43.484001,0.971900,0.194192,2.236068,60.071739,0.203347,-0.038861
optimized,302,19.662481,43.646603,0.937823,0.169140,2.236068,60.268605,0.196866,-0.034077
optimized,303,19.784374,43.812743,0.900682,0.170987,2.236068,60.474664,0.206060,-0.037141
optimized,304,19.926194,43.991710,0.855986,0.187233,2.236068,60.703010,0.228346,-0.044696
optimized,305,20.089441,44.179798,0.807681,0.203045,2.236068,60.952061,0.249051,-0.048305
optimized,306,20.246137,44.343637,0.764425,0.200566,2.236068,61.178770,0.226709,-0.043256
optimized,307,20.393809,44.485241,0.726920,0.186986,2.236068,61.383364,0.204594,-0.037505
optimized,308,20.540667,44.615854,0.688959,0.191032,2.236068,61.579902,0.196538,-0.037961
optimized,309,20.695722,44.743556,0.644541,0.216575,2.236068,61.780775,0.200873,-0.044418
optimized,310,20.863014,44.869297,0.592405,0.250994,2.236068,61.990053,0.209278,-0.052136
optimized,311,21.034002,44.984379,0.537965,0.292468,2.000000,62.196161,0.206108,-0.054440
optimized,312,21.176662,45.069500,0.541884,0.023069,3.000000,62.362286,0.166125,0.003919
optimized,313,21.325407,45.159043,0.545976,0.022479,3.000000,62.535904,0.173618,0.004092
optimized,314,21.488164,45.257932,0.544442,0.007863,3.000000,62.726348,0.190444,-0.001534
optimized,315,21.659043,45.361396,0.539525,0.024579,3.000000,62.926109,0.199761,-0.004917
optimized,316,21.830926,45.464316,0.531453,0.040700,3.000000,63.126449,0.200340,-0.008072
optimized,317,22.000164,45.563807,0.510196,0.108860,2.828427,63.322765,0.196316,-0.021257
optimized,318,22.169638,45.658647,0.486617,0.121247,2.828427,63.516971,0.194206,-0.023579
optimized,319,22.341760,45.749708,0.460610,0.132675,2.828427,63.711697,0.194726,-0.026007
optimized,320,22.518504,45.837410,0.431867,0.144295,2.828427,63.909004,0.197307,-0.028742
optimized,321,22.701108,45.921569,0.401315,0.150661,2.828427,64.110068,0.201064,-0.030553
optimized,322,22.889363,46.001454,0.381250,0.098631,3.605551,64.314571,0.204503,-0.020065
optimized,323,23.077185,46.076745,0.362413,0.093679,3.162278,64.516923,0.202351,-0.018837
optimized,324,23.264013,46.147582,0.344645,0.089198,3.162278,64.716729,0.199806,-0.017768
optimized,325,23.450917,46.214676,0.327911,0.084296,3.162278,64.915310,0.198581,-0.016734
optimized,326,23.638794,46.278590,0.312225,0.078981,3.162278,65.113762,0.198451,-0.015686
optimized,327,23.827940,46.339643,0.297715,0.072938,3.162278,65.312517,0.198755,-0.014510
optimized,328,24.018283,46.398047,0.284544,0.066106,3.000000,65.511619,0.199101,-0.013171
optimized,329,24.209653,46.454019,0.272834,0.058695,3.000000,65.711006,0.199388,-0.011710
optimized,330,24.401886,46.507807,0.262644,0.051026,3.000000,65.910622,0.199616,-0.010190
optimized,331,24.594821,46.559679,0.253967,0.043420,3.000000,66.110408,0.199786,-0.008677
optimized,332,24.788304,46.609902,0.246735,0.036171,3.000000,66.310304,0.199896,-0.007231
optimized,333,24.982202,46.658738,0.240833,0.029516,3.000000,66.510258,0.199954,-0.005902
optimized,334,25.176411,46.706436,0.236112,0.023607,3.000000,66.710238,0.199980,-0.004721
optimized,335,25.370853,46.753219,0.232414,0.018488,3.000000,66.910229,0.199991,-0.003698
optimized,336,25.565473,46.799283,0.229599,0.014076,3.000000,67.110226,0.199997,-0.002815
optimized,337,25.760224,46.844801,0.227594,0.010028,3.000000,67.310225,0.199999,-0.002006
optimized,338,25.955067,46.889928,0.227438,0.000779,3.000000,67.510226,0.200000,-0.000156
optimized,339,26.149916,46.935024,0.227635,0.000988,3.000000,67.710226,0.200000,0.000198
optimized,340,26.344757,46.980159,0.227686,0.000256,3.000000,67.910226,0.200000,0.000051
optimized,341,26.539595,47.025304,0.227674,0.000064,4.000000,68.110226,0.200000,-0.000013
optimized,342,26.734434,47.070446,0.227667,0.000035,4.000000,68.310226,0.200000,-0.000007
optimized,343,26.929273,47.115587,0.227667,0.000001,4.000000,68.510226,0.200000,0.000000
optimized,344,27.124112,47.160728,0.227668,0.000004,4.000000,68.710226,0.200000,0.000001
optimized,345,27.318951,47.205869,0.227668,0.000004,4.000000,68.910226,0.200000,0.000001
optimized,346,27.513790,47.251011,0.227669,0.000001,4.000000,69.110226,0.200000,0.000000
optimized,347,27.708629,47.296152,0.227662,0.000036,4.000000,69.310226,0.200000,-0.000007
optimized,348,27.903469,47.341292,0.227649,0.000063,4.000000,69.510226,0.200000,-0.000013
optimized,349,28.098309,47.386430,0.227703,0.000269,4.000000,69.710226,0.200000,0.000054
optimized,350,28.293146,47.431578,0.227903,0.001002,4.000000,69.910226,0.200000,0.000200
optimized,351,28.487975,47.476765,0.227723,0.000900,4.000000,70.110226,0.200000,-0.000180
optimized,352,28.682812,47.521917,0.225624,0.010497,4.000000,70.310226,0.200000,-0.002099
optimized,353,28.877743,47.566660,0.222759,0.014326,4.000000,70.510227,0.200000,-0.002865
optimized,354,29.072801,47.610844,0.218968,0.018955,4.000000,70.710226,0.199999,-0.003791
optimized,355,29.268022,47.654288,0.214088,0.024400,4.000000,70.910223,0.199997,-0.004880
optimized,356,29.463448,47.696777,0.207935,0.030768,4.000000,71.110214,0.199992,-0.006153
optimized,357,29.659121,47.738061,0.200321,0.038073,4.000000,71.310195,0.199980,-0.007613
optimized,358,29.855076,47.777849,0.191081,0.046220,4.000000,71.510149,0.199954,-0.009241
optimized,359,30.051330,47.815812,0.180084,0.055028,4.000000,71.710041,0.199892,-0.010996
optimized,360,30.247870,47.851594,0.167257,0.064243,4.000000,71.909812,0.199771,-0.012828
optimized,361,30.444660,47.884818,0.152583,0.073571,4.000000,72.109386,0.199575,-0.014673
optimized,362,30.641657,47.915112,0.136108,0.082720,4.000000,72.308699,0.199313,-0.016475
optimized,363,30.838833,47.942117,0.117925,0.091430,4.000000,72.507716,0.199017,-0.018183
optimized,364,31.036184,47.965498,0.098163,0.099499,4.000000,72.706446,0.198730,-0.019762
optimized,365,31.233712,47.984950,0.076980,0.106776,4.000000,72.904930,0.198484,-0.021183
optimized,366,31.431412,48.000199,0.054552,0.113147,5.000000,73.103217,0.198287,-0.022428
optimized,367,31.629255,48.011003,0.031072,0.118534,5.000000,73.301356,0.198138,-0.023480
optimized,368,31.827190,48.017155,0.006741,0.122886,5.000000,73.499386,0.198030,-0.024331
optimized,369,32.025142,48.018489,-0.018233,0.126171,5.000000,73.697343,0.197957,-0.024974
optimized,370,32.223010,48.014881,-0.043629,0.128350,5.000000,73.895244,0.197901,-0.025396
optimized,371,32.420641,48.006254,-0.069208,0.129349,5.000000,74.093063,0.197819,-0.025579
optimized,372,32.617848,47.992583,-0.094718,0.129085,4.000000,74.290743,0.197680,-0.025510
optimized,373,32.814511,47.973900,-0.119923,0.127555,4.000000,74.488291,0.197548,-0.025206
optimized,374,33.010744,47.950254,-0.144648,0.124890,4.000000,74.685944,0.197653,-0.024724
optimized,375,33.206949,47.921674,-0.168757,0.121223,4.000000,74.884219,0.198275,-0.024110
optimized,376,33.403605,47.888168,-0.192068,0.116404,4.000000,75.083710,0.199491,-0.023310
optimized,377,33.600919,47.849797,-0.214231,0.109889,4.000000,75.284720,0.201010,-0.022163
optimized,378,33.798647,47.806777,-0.234722,0.101044,4.000000,75.487074,0.202354,-0.020491
optimized,379,33.996297,47.759514,-0.252952,0.089606,4.000000,75.690296,0.203222,-0.018230
optimized,380,34.193482,47.708543,-0.268406,0.075829,4.000000,75.893962,0.203666,-0.015454
optimized,381,34.390121,47.654459,-0.280699,0.060234,4.000000,76.097903,0.203941,-0.012293
optimized,382,34.586361,47.597881,-0.289548,0.043293,4.000000,76.302137,0.204234,-0.008849
optimized,383,34.782399,47.539477,-0.294570,0.024539,4.000000,76.506689,0.204553,-0.005022
optimized,384,34.978368,47.480021,-0.292316,0.011010,4.000000,76.711479,0.204790,0.002255
optimized,385,35.174520,47.420992,-0.286268,0.029534,4.000000,76.916321,0.204842,0.006048
optimized,386,35.370880,47.363192,-0.276890,0.045849,4.000000,77.121011,0.204690,0.009378
optimized,387,35.567492,47.307317,-0.264584,0.060255,4.000000,77.325408,0.204397,0.012306
optimized,388,35.764444,47.253956,-0.249845,0.072285,4.000000,77.529461,0.204053,0.014739
optimized,389,35.961850,47.203582,-0.233241,0.081551,4.000000,77.733193,0.203732,0.016605
optimized,390,36.159822,47.156551,-0.215389,0.087768,4.123106,77.936674,0.203481,0.017852
optimized,391,36.358437,47.113098,-0.196944,0.090740,4.123106,78.139988,0.203314,0.018445
optimized,392,36.557737,47.073331,-0.178580,0.090361,4.123106,78.343217,0.203229,0.018364
optimized,393,36.757728,47.037233,-0.160971,0.086629,4.123106,78.546439,0.203222,0.017609
optimized,394,36.958399,47.004648,-0.144768,0.079665,4.123106,78.749739,0.203300,0.016203
optimized,395,37.159755,46.975293,-0.130570,0.069721,3.605551,78.953223,0.203484,0.014198
optimized,396,37.361816,46.948759,-0.118888,0.057265,3.605551,79.157019,0.203796,0.011682
optimized,397,37.564568,46.924540,-0.109783,0.044558,3.605551,79.361212,0.204193,0.009105
optimized,398,37.767808,46.902138,-0.097206,0.061541,3.605551,79.565683,0.204471,0.012577
optimized,399,37.971103,46.882314,0.022340,0.000000,3.605551,79.769942,0.204259,0.119547
